Token ID	Source Token	Source Lemma	Source POS	Translated Token	Translated Lemma	Synset ID	Link in Dictionary?
d000.s001.t008	reductions	reduction	N	گیسوں	گیسوں	bn:00025780n	False
d000.s002.t004	obstacles	obstacle	N	باقی	باقی	bn:00058511n	False
d000.s004.t001	text	text	N	یہ	یہ	bn:00076732n	False
d000.s004.t002	money	money	N	کتنا	کتنا	bn:00055644n	False
d000.s004.t003	countries	country	N	امیر	امیر	bn:00023236n	False
d000.s004.t004	ones	one	N	غریبوں	غریب	bn:00058969n	False
d000.s004.t006	term	term	N	اور	اور	bn:00076588n	False
d000.s005.t005	rise	rise	N	حرارت	حرارت	bn:00067923n	False
d000.s008.t007	percent	percent	N	30	30	bn:00061135n	False
d000.s010.t005	years	year	N	تین	تین	bn:00078738n	False
d000.s010.t009	flood	flood	N	نمٹنے	نمٹنا	bn:00002954n	False
d000.s010.t010	drought	drought	N	سیلاب	سیلاب	bn:00028863n	False
d000.s011.t001	sort	sort	N	طرح	طرح	bn:00035907n	False
d000.s012.t004	cuts	cut	N	کمی	کمی	bn:00024615n	False
d000.s014.t003	action	action	N	اور	اور	bn:00001135n	False
d000.s014.t004	text	text	N	کہ	کہ	bn:00076732n	False
d000.s014.t005	cuts	cut	N	یقینی	یقینی	bn:00024615n	False
d000.s014.t006	observers	observer	N	سے	سے	bn:00020980n	False
d000.s015.t003	America	america	N	کیے	کرنا	bn:00003341n	False
d000.s015.t004	climate	climate	N	اعلیٰ	اعلیٰ	bn:00019780n	False
d000.s015.t005	negotiator	negotiator	N	آب	آب	bn:00057209n	False
d000.s015.t007	week	week	N	میں	میں	bn:00014711n	False
d000.s017.t009	countries	country	N	زیادہ	زیادہ	bn:00023236n	False
d000.s018.t002	costs	cost	N	اس	یہ	bn:00022995n	False
d000.s020.t003	treaty	treaty	N	پابند	پابند	bn:00000728n	False
d000.s020.t007	deal	deal	N	سیاسی	سیاسی	bn:00008568n	False
d000.s022.t008	India	india	N	بھارت	بھارت	bn:00010203n	False
d000.s023.t001	urgency	urgency	N	صورتحال	صورتحال	bn:00079330n	False
d000.s024.t003	halls	hall	N	میں	میں	bn:00042663n	False
d000.s024.t004	meetings	meeting	N	اجلاسوں	اجلاس	bn:00041948n	False
d000.s024.t007	week	week	N	والے	والا	bn:00014711n	False
d000.s026.t002	Wednesday	wednesday	N	روز	روز	bn:00054897n	False
d001.s000.t001	Israel	israel	N	اسرائیل	اسرائیل	bn:00047679n	False
d001.s001.t007	top	top	N	سب	سب	bn:00000942n	False
d001.s002.t002	involvement	involvement	N	مصروفیت	مصروفیت	bn:00030844n	False
d001.s005.t002	speculation	speculation	N	قیاس	قیاس	bn:00021870n	False
d001.s007.t004	whistles	whistle	N	whistles	whistles	bn:00081042n	False
d001.s007.t005	applause	applause	N	استقبال	استقبال	bn:00005053n	False
d001.s015.t004	victory	victory	N	اور	اور	bn:00078365n	False
d001.s015.t005	time	time	N	پہلی	پہلا	bn:00019848n	False
d002.s000.t001	momentum	momentum	N	بغیر	بغیر	bn:00046200n	False
d002.s001.t002	Friday	friday	N	خاص	خاص	bn:00036512n	False
d002.s001.t004	indicators	indicator	N	بہتر	بہتر	bn:00046418n	False
d002.s005.t002	volumes	volume	N	تجارتی	تجارتی	bn:00013768n	False
d002.s006.t001	publication	publication	N	شائع	شائع	bn:00065107n	False
d002.s006.t002	indicators	indicator	N	اشارے	اشارہ	bn:00046418n	False
d002.s007.t003	month	month	N	دوسرے	دوسرا	bn:00014710n	False
d003.s001.t006	auctions	auction	N	دو	دو	bn:00007085n	False
d003.s001.t007	Saturday	saturday	N	اختتام	اختتام	bn:00068696n	False
d003.s002.t005	firms	firm	N	تیل	تیل	bn:00014160n	False
d003.s002.t009	decades	decade	N	متاثر	متاثر	bn:00025646n	False
d003.s002.t010	war	war	N	دہائیوں	دہائی	bn:00080439n	False
d003.s002.t011	sanctions	sanction	N	جنگ	جنگ	bn:00069122n	False
d003.s005.t000	bid	bid	N	پیشکش	پیشکش	bn:00010262n	False
d003.s007.t005	analysts	analyst	N	حیران	حیران	bn:00003802n	False
d003.s008.t009	outlet	outlet	N	ایجنٹ	ایجنٹ	bn:00054409n	False
d003.s010.t009	world	world	N	کے	کا	bn:00029424n	False
d003.s010.t010	reserves	reserve	N	خام	خام	bn:00007805n	False
d003.s017.t001	par	par	N	برابر	برابر	bn:00031285n	False
d003.s018.t006	output	output	N	پیداوار	پیداوار	bn:00059788n	False
d003.s018.t008	field	field	N	فیلڈ	فیلڈ	bn:00034265n	False
d004.s002.t000	Wednesday	wednesday	N	روز	روز	bn:00054897n	False
d004.s006.t004	business	business	N	بزنس	بزنس	bn:00014136n	False
d005.s001.t001	courtroom	courtroom	N	میں	میں	bn:00023302n	False
d005.s003.t001	defense	defense	N	دفاع	دفاع	bn:00025872n	False
d005.s004.t006	imposition	imposition	N	کرنے	کرنا	bn:00046148n	False
d005.s004.t007	jury	jury	N	مجرم	مجرم	bn:00048658n	False
d005.s005.t004	arguments	argument	N	پیش	پیش	bn:00005600n	False
d005.s006.t007	jury	jury	N	سماعت	سماعت	bn:00048658n	False
d005.s009.t001	State	state	N	کے	کا	bn:00064914n	False
d005.s009.t003	claims	claim	N	مسترد	مسترد	bn:00019404n	False
d005.s009.t004	ruling	ruling	N	میں	میں	bn:00059171n	False
d005.s009.t005	week	week	N	فیصلے	فیصلہ	bn:00014711n	False
d005.s009.t007	evidence	evidence	N	کوئی	کوئی	bn:00032047n	False
d005.s009.t008	jury	jury	N	نہیں	نہیں	bn:00048658n	False
d005.s009.t009	passion	passion	N	تھا	تھا	bn:00060907n	False
d005.s010.t001	issue	issue	N	اس	یہ	bn:00047688n	False
d005.s011.t003	cases	case	N	بدنام	بدنام	bn:00016403n	False
d005.s011.t005	trial	trial	N	ایک	ایک	bn:00078198n	False
d005.s012.t002	conviction	conviction	N	کورٹ	کورٹ	bn:00021628n	False
d005.s012.t006	wife	wife	N	قتل	قتل	bn:00053531n	False
d005.s012.t007	decision	decision	N	کر	کرنا	bn:00021584n	False
d005.s014.t002	conviction	conviction	N	کی	کا	bn:00021628n	False
d005.s014.t003	half	half	N	سزا	سزا	bn:00042601n	False
d005.s014.t005	argument	argument	N	ہیں	ہے	bn:00005600n	False
d005.s014.t006	rules	rule	N	نئے	نیا	bn:00064192n	False
d005.s014.t007	ways	way	N	حکمرانی	حکمرانی	bn:00033729n	False
d005.s014.t008	courtrooms	courtroom	N	سے	سے	bn:00023302n	False
d005.s014.t010	case	case	N	کے	کا	bn:00016403n	False
d005.s015.t007	report	report	N	ایک	ایک	bn:00067181n	False
d005.s018.t001	example	example	N	پر	پر	bn:00016401n	False
d005.s018.t002	Judge	judge	N	جب	جب	bn:00048488n	False
d005.s018.t003	jurors	juror	N	ممکنہ	ممکنہ	bn:00048657n	False
d005.s018.t005	photographs	photograph	N	جرائم	جرم	bn:00032381n	False
d005.s020.t002	judge	judge	N	کہ	کہ	bn:00048488n	False
d005.s020.t003	juror	juror	N	تھا	تھا	bn:00048657n	False
d005.s020.t007	decision	decision	N	کی	کا	bn:00021584n	False
d005.s020.t008	jury	jury	N	ہدایت	ہدایت	bn:00048658n	False
d005.s020.t009	weekend	weekend	N	سے	سے	bn:00080816n	False
d005.s022.t000	arguments	argument	N	arguments	arguments	bn:00005600n	False
d005.s024.t001	emotion	emotion	N	کے	کا	bn:00030581n	False
d005.s024.t002	case	case	N	اس	یہ	bn:00016403n	False
d005.s025.t001	cameras	camera	N	کیمرے	کیمرا	bn:00015008n	False
d005.s028.t002	arguments	argument	N	کو	کو	bn:00005600n	False
d005.s028.t003	changes	change	N	تکنیکی	تکنیکی	bn:00017651n	False
d005.s028.t004	adaptation	adaptation	N	ضرورت	ضرورت	bn:00001267n	False
d005.s030.t002	decision	decision	N	1966	1966	bn:00021584n	False
d005.s030.t003	conviction	conviction	N	کی	کا	bn:00021628n	False
d005.s030.t006	rules	rule	N	نئے	نیا	bn:00064192n	False
d006.s004.t001	leader	leader	N	قیادت	قیادت	bn:00050371n	False
d006.s005.t000	committee	committee	N	کمیٹی	کمیٹی	bn:00021015n	False
d006.s006.t000	provocation	provocation	N	تحریک	تحریک	bn:00046294n	False
d006.s008.t006	hymn	hymn	N	گیت	گیت	bn:00004527n	False
d006.s008.t008	honor	honor	N	اعزاز	اعزاز	bn:00044654n	False
d006.s013.t008	punishment	punishment	N	کیا	کرنا	bn:00061325n	False
d006.s018.t004	Championship	championship	N	شپ	شپ	bn:00017615n	False
d007.s001.t001	bacteria	bacterium	N	بیکٹیریا	بیکٹیریا	bn:00007854n	False
d007.s001.t002	arsenic	arsenic	N	ارسنک	ارسنک	bn:00005917n	False
d007.s004.t001	arsenic	arsenic	N	ارسنک	ارسنک	bn:00005917n	False
d007.s006.t007	sulfur	sulfur	N	آکسیجن	آکسیجن	bn:00006846n	False
d007.s007.t003	arsenic	arsenic	N	آرسینک	آرسینک	bn:00005917n	False
d007.s011.t004	speculation	speculation	N	آرائیاں	آرائی	bn:00021869n	False
d007.s013.t010	Sciences	science	N	ریسرچ	ریسرچ	bn:00069670n	False
d007.s015.t001	substitution	substitution	N	حیاتیاتی	حیاتیاتی	bn:00061666n	False
d007.s017.t004	arsenic	arsenic	N	ارسنک	ارسنک	bn:00005917n	False
d007.s018.t000	Arsenic	arsenic	N	ارسنک	ارسنک	bn:00005917n	False
d007.s019.t000	Arsenic	arsenic	N	آرسینک	آرسینک	bn:00005917n	False
d007.s020.t003	elements	element	N	ان	یہ	bn:00018105n	False
d007.s021.t000	arsenic	arsenic	N	آرسینک	آرسینک	bn:00005917n	False
d007.s022.t001	bacteria	bacterium	N	بیکٹیریا	بیکٹیریا	bn:00007854n	False
d007.s022.t003	arsenic	arsenic	N	آرسینک	آرسینک	bn:00005917n	False
d007.s023.t002	arsenic	arsenic	N	آرسینک	آرسینک	bn:00005917n	False
d007.s023.t005	arsenic	arsenic	N	استعمال	استعمال	bn:00005917n	False
d007.s023.t006	Earth	earth	N	پر	پر	bn:00029424n	False
d007.s023.t007	planet	planet	N	دوسرے	دوسرا	bn:00062777n	False
d007.s023.t008	moon	moon	N	یا	یا	bn:00055813n	False
d007.s023.t009	arsenic	arsenic	N	جہاں	جہاں	bn:00005917n	False
d007.s024.t002	idea	idea	N	یہ	یہ	bn:00045800n	False
d007.s024.t003	arsenic	arsenic	N	کہ	کہ	bn:00005917n	False
d007.s025.t000	Arsenic	arsenic	N	ارسنک	ارسنک	bn:00005917n	False
d008.s007.t001	mood	mood	N	دھوپ	دھوپ	bn:00019781n	False
d008.s009.t004	table	table	N	کریں	کرنا	bn:00075812n	False
d008.s010.t007	year	year	N	اس	یہ	bn:00078738n	False
d008.s011.t002	drop	drop	N	کمی	کمی	bn:00027260n	False
d008.s011.t003	output	output	N	پیداوار	پیداوار	bn:00059790n	False
d008.s013.t004	practice	practice	N	عملی	عملی	bn:00061054n	False
d008.s015.t003	support	support	N	کمزور	کمزور	bn:00075331n	False
d008.s016.t002	recession	recession	N	لاطینی	لاطینی	bn:00066516n	False
d008.s018.t003	proportion	proportion	N	رپورٹ	رپورٹ	bn:00064767n	False
d008.s018.t004	poverty	poverty	N	کا	کا	bn:00046157n	False
d008.s018.t005	year	year	N	اور	اور	bn:00078738n	False
d008.s021.t003	crime	crime	N	شدید	شدید	bn:00023807n	False
d008.s022.t005	crime	crime	N	حوالہ	حوالہ	bn:00023807n	False
d008.s022.t006	unemployment	unemployment	N	سے	سے	bn:00079045n	False
d008.s022.t007	problem	problem	N	اہم	اہم	bn:00048242n	False
d008.s022.t009	chart	chart	N	دیکھیں	دیکھنا	bn:00017904n	False
d008.s024.t007	development	development	N	ہے	ہے	bn:00026695n	False
d008.s024.t008	chart	chart	N	2007	2007	bn:00017904n	False
d008.s025.t001	system	system	N	ہی	ہی	bn:00075761n	False
d008.s026.t004	president	president	N	بائیں	بائیں	bn:00064234n	False
d008.s026.t005	companies	company	N	نجی	نجی	bn:00021286n	False
d008.s027.t007	year	year	N	پچھلے	پچھلا	bn:00078738n	False
d008.s027.t009	year	year	N	پچھلے	پچھلا	bn:00078738n	False
d008.s028.t002	respondents	respondent	N	سے	سے	bn:00004456n	False
d008.s028.t006	distinction	distinction	N	لطف	لطف	bn:00027765n	False
d009.s001.t002	question	question	N	متنازعہ	متنازعہ	bn:00043267n	False
d009.s001.t005	law	law	N	بھال	بھال	bn:00050249n	False
d009.s001.t007	dinner	dinner	N	ایک	ایک	bn:00027206n	False
d009.s001.t009	case	case	N	کیا	کرنا	bn:00016403n	False
d009.s003.t001	issue	issue	N	مذکورہ	مذکورہ	bn:00047690n	False
d009.s006.t002	firms	firm	N	دو	دو	bn:00014160n	False
d009.s008.t004	litigation	litigation	N	جوئی	جوئی	bn:00048507n	False
d009.s014.t003	actions	action	N	کیا	کرنا	bn:00001127n	False
d009.s014.t004	justices	justice	N	کم	کم	bn:00048488n	False
d009.s015.t003	events	event	N	تنظیموں	تنظیم	bn:00032021n	False
d009.s015.t009	event	event	N	اس	یہ	bn:00032021n	False
d009.s016.t003	company	company	N	ایک	ایک	bn:00021286n	False
d009.s016.t004	interest	interest	N	مالی	مالی	bn:00047077n	False
d009.s018.t000	justices	justice	N	ججز	ججز	bn:00048488n	False
d009.s020.t000	regard	regard	N	اہمیت	اہمیت	bn:00007026n	False
d009.s023.t001	administration	administration	N	اوباما	اوباما	bn:00001423n	False
d009.s023.t002	challenges	challenge	N	قانونی	قانونی	bn:00017559n	False
d009.s023.t005	level	level	N	مقدمے	مقدمہ	bn:00025965n	False
d010.s001.t001	Spain	spain	N	کھیلے	کھیلنا	bn:00031605n	False
d010.s002.t003	games	game	N	50	50	bn:00037181n	False
d010.s003.t002	players	player	N	22	22	bn:00060799n	False
d010.s003.t004	game	game	N	دوستانہ	دوستانہ	bn:00037181n	False
d010.s003.t005	today	today	N	میچ	میچ	bn:00077463n	False
d010.s004.t002	top	top	N	ماہانہ	ماہانہ	bn:00000942n	False
d010.s004.t003	record	record	N	طویل	طویل	bn:00066576n	False
d010.s004.t005	games	game	N	الاقوامی	الاقوامی	bn:00037181n	False
d010.s006.t002	clubs	club	N	طاقتور	طاقتور	bn:00020039n	False
d010.s006.t006	cup	cup	N	مقامی	مقامی	bn:00024417n	False
d010.s006.t007	competitions	competition	N	کپ	کپ	bn:00021338n	False
d010.s006.t008	shocks	shock	N	اعلی	اعلی	bn:00011444n	False
d010.s009.t001	selection	selection	N	ٹیم	ٹیم	bn:00018660n	False
d010.s009.t004	England	england	N	انگلینڈ	انگلینڈ	bn:00030861n	False
d010.s018.t001	Spain	spain	N	اسپین	اسپین	bn:00031605n	False
d010.s019.t000	side	side	N	ٹیم	ٹیم	bn:00071432n	False
d010.s022.t001	goals	goal	N	گولوں	گولہ	bn:00040847n	False
d011.s002.t002	France	france	N	فرانس	فرانس	bn:00036202n	False
d011.s002.t004	bricklayers	bricklayer	N	بریکرز	بریکرز	bn:00013057n	False
d011.s005.t007	France	france	N	فرانس	فرانس	bn:00036202n	False
d011.s009.t001	degree	degree	N	سطح	سطح	bn:00025965n	False
d011.s012.t004	People	people	N	People	People	bn:00061450n	False
d011.s012.t006	World	world	N	World	World	bn:00028141n	False
d011.s012.t007	Future	future	N	Future	Future	bn:00036941n	False
d011.s012.t015	employment	employment	N	اور	اور	bn:00030616n	False
d011.s012.t016	countries	country	N	میں	میں	bn:00023236n	False
d011.s012.t017	immigrants	immigrant	N	والے	والا	bn:00046019n	False
d011.s015.t003	replacements	replacement	N	جگہ	جگہ	bn:00003129n	False
d011.s020.t006	proportion	proportion	N	بڑا	بڑا	bn:00064767n	False
d011.s020.t007	immigrants	immigrant	N	انترنیٹڈ	انترنیٹڈ	bn:00046019n	False
d011.s020.t010	winners	winner	N	نوبل	نوبل	bn:00079944n	False
d011.s020.t012	Yahoo	yahoo	N	انٹیل	انٹیل	bn:00081801n	False
d011.s020.t013	immigrants	immigrant	N	یافتہ	یافتہ	bn:00046019n	False
d011.s021.t003	budgets	budget	N	کل	کل	bn:00013640n	False
d011.s022.t001	Labor	labor	N	لیبر	لیبر	bn:00049570n	False
d011.s022.t004	Germany	germany	N	جرمنی	جرمنی	bn:00026684n	False
d011.s023.t002	points	point	N	مقامات	مقام	bn:00047730n	False
d012.s004.t001	string	string	N	سیریز	سیریز	bn:00074684n	False
d012.s010.t003	customer	customer	N	حفاظت	حفاظت	bn:00019763n	False
d012.s010.t004	deposits	deposit	N	گاہکوں	گاہک	bn:00008382n	False
d012.s012.t001	kind	kind	N	نوعیت	نوعیت	bn:00035907n	False
d012.s019.t002	number	number	N	بہت	بہت	bn:00034394n	False
d012.s021.t005	mortgage	mortgage	N	میک	میک	bn:00055948n	False
d012.s021.t006	transactions	transaction	N	پر	پر	bn:00025567n	False
d012.s022.t001	transactions	transaction	N	متعدد	متعدد	bn:00025567n	False
