bn:00000016n	ارب
bn:00000086n	روز
bn:00000125n	نصف
bn:00000127n	گھنٹہ
bn:00000427n	غیر
bn:00000649n	قبول
bn:00000728n	معاہدہ
bn:00000739n	رپورٹ
bn:00000739n	رپورٹس
bn:00000939n	حوالہ
bn:00000942n	بڑا
bn:00000942n	عروج
bn:00000990n	واقفیت
bn:00001077n	کرنا
bn:00001127n	اقدام
bn:00001127n	کارروائی
bn:00001134n	قانونی
bn:00001135n	کارروائی
bn:00001171n	حکومت
bn:00001171n	پسند
bn:00001171n	کارکن
bn:00001193n	رویہ
bn:00001423n	آرگنائزیشن
bn:00001549n	پیش
bn:00001557n	ترقی
bn:00001561n	فائدہ
bn:00001582n	مخالف
bn:00001592n	مشاورت
bn:00001598n	موسمیاتی
bn:00001697n	سطح
bn:00001736n	موقع
bn:00001936n	عمر
bn:00001965n	طریقہ
bn:00002155n	مدد
bn:00002178n	ارادہ
bn:00002362n	بحالی
bn:00002362n	عراق
bn:00002362n	میں
bn:00002362n	گانا
bn:00003125n	تبدیل
bn:00003132n	اختیار
bn:00003263n	ماحول
bn:00003268n	دائرہ
bn:00003340n	جرمانہ
bn:00003341n	اشارہ
bn:00003341n	امریکہ
bn:00003341n	امریکی
bn:00003341n	متحدہ
bn:00003343n	میں
bn:00003601n	رقم
bn:00003755n	بیہوش
bn:00003802n	کار
bn:00004352n	اعلان
bn:00004456n	جواب
bn:00005019n	اپیل
bn:00005022n	اپیل
bn:00005027n	شکل
bn:00005105n	ٹیکنالوجی
bn:00005164n	تخمین
bn:00005516n	علاقہ
bn:00005599n	تنازعہ
bn:00005601n	بحث
bn:00005601n	مباحثہ
bn:00005732n	فوج
bn:00005886n	آمد
bn:00006143n	کلائی
bn:00006383n	پہلو
bn:00006469n	کرنا
bn:00006479n	اجتماع
bn:00006504n	اثاثہ
bn:00006559n	مفروضہ
bn:00006642n	بائیولوجی
bn:00006759n	کھیل
bn:00006823n	ہائیڈروجن
bn:00006845n	فاسفورس
bn:00006901n	کاربن
bn:00007013n	شرکاء
bn:00007047n	رویہ
bn:00007051n	وکیل
bn:00007085n	نیلامی
bn:00007146n	نہیں
bn:00007299n	حکومت
bn:00007299n	سرکاری
bn:00007449n	اوسط
bn:00007799n	حمایت
bn:00007799n	کرنا
bn:00007985n	مطالعہ
bn:00008047n	باقی
bn:00008267n	چیز
bn:00008279n	حلقہ
bn:00008364n	بینک
bn:00008419n	میں
bn:00008568n	معاہدہ
bn:00008694n	بیرل
bn:00008786n	بنیاد
bn:00008870n	زمین
bn:00008875n	ٹوکری
bn:00008985n	بہت
bn:00009080n	میں
bn:00009472n	بستر
bn:00009652n	جانب
bn:00009654n	رویہ
bn:00009655n	رویہ
bn:00009664n	بھاری
bn:00009677n	جاندار
bn:00009677n	حیاتی
bn:00009717n	تصور
bn:00009905n	فائدہ
bn:00010262n	کرنا
bn:00010317n	بڑی
bn:00010518n	حیاتی
bn:00010518n	کیمسٹری
bn:00011099n	جرم
bn:00011946n	دھماکہ
bn:00011974n	بانڈز
bn:00011975n	زنجیر
bn:00012042n	فیسوں
bn:00012059n	کتاب
bn:00012212n	سرحد
bn:00012213n	perimeter
bn:00012862n	خلاف
bn:00012940n	دریافت
bn:00013179n	لندن
bn:00013194n	پاؤنڈ
bn:00013240n	نشریاتی
bn:00013640n	بجٹ
bn:00013701n	جرثومہ
bn:00013701n	مائکروبیل
bn:00013701n	میکروب
bn:00013941n	بوجھ
bn:00014103n	سے
bn:00014139n	کاروبار
bn:00014152n	معاہدہ
bn:00014160n	قائم
bn:00014160n	کمپنی
bn:00014403n	بیکٹیریا
bn:00014710n	مہینہ
bn:00014711n	ہفتہ
bn:00015050n	مہم
bn:00015056n	امیدوار
bn:00015320n	کینن
bn:00015387n	سروے
bn:00015410n	صلاحیت
bn:00015496n	سرمایہ
bn:00015501n	واشنگٹن
bn:00015531n	میں
bn:00015656n	موت
bn:00015656n	پھانسی
bn:00015917n	کارڈ
bn:00015917n	کارڈز
bn:00016013n	تشویش
bn:00016013n	خوف
bn:00016140n	سرکس
bn:00016286n	کارکردگی
bn:00016401n	صورت
bn:00016401n	مثال
bn:00016401n	معاملہ
bn:00016403n	معاملہ
bn:00016403n	مقدمہ
bn:00016403n	کرنا
bn:00016403n	کیس
bn:00016448n	نقد
bn:00016756n	ساتھ
bn:00016756n	چین
bn:00016756n	کہ
bn:00016851n	وجہ
bn:00017153n	توجہ
bn:00017172n	وسطی
bn:00017172n	کا
bn:00017234n	صدی
bn:00017235n	او
bn:00017368n	سیکیورٹیز
bn:00017517n	چیئرمین
bn:00017557n	کرنا
bn:00017559n	کرنا
bn:00017562n	challengers
bn:00017562n	حریف
bn:00017562n	مخالف
bn:00017621n	موقع
bn:00017651n	تبدیلی
bn:00017904n	چارٹ
bn:00017904n	گراف
bn:00018096n	کیمیائی
bn:00018105n	عنصر
bn:00018345n	بچہ
bn:00019219n	حالات
bn:00019404n	دعوہ
bn:00019404n	دعویٰ
bn:00019404n	دعوے
bn:00019742n	سزا
bn:00019780n	آب
bn:00019780n	موسمیاتی
bn:00019781n	مزاج
bn:00019782n	امریکہ
bn:00019782n	موسمیاتی
bn:00019782n	کا
bn:00019848n	بار
bn:00019848n	وقت
bn:00020039n	کلب
bn:00020352n	کوڈ
bn:00020356n	ضابطہ
bn:00020452n	مہارت
bn:00020977n	تبصرا
bn:00021034n	وعدہ
bn:00021127n	یورپی
bn:00021164n	معنی
bn:00021207n	جمہوریت
bn:00021221n	مواصلات
bn:00021278n	میں
bn:00021286n	کمپنی
bn:00021322n	مطابقت
bn:00021329n	معاوضہ
bn:00021348n	شکایت
bn:00021359n	تکمیل
bn:00021395n	حصہ
bn:00021538n	حراستی
bn:00021556n	خدشہ
bn:00021558n	پریشانی
bn:00021584n	فیصلہ
bn:00021644n	حیثیت
bn:00021721n	کانفرنس
bn:00021722n	آل
bn:00021722n	میں
bn:00021723n	کانفرنس
bn:00021743n	اعتماد
bn:00021769n	تنازع
bn:00021844n	کرنا
bn:00021846n	ہونا
bn:00021958n	اتفاق
bn:00021961n	اثر
bn:00021961n	نتیجہ
bn:00021976n	قدامت
bn:00022026n	پولیس
bn:00022028n	استحکام
bn:00022078n	قانونی
bn:00022095n	صارف
bn:00022227n	معاہدہ
bn:00022263n	تضاد
bn:00022274n	حصہ
bn:00022479n	میں
bn:00022479n	کوپن
bn:00022845n	ضبط
bn:00023012n	ریکا
bn:00023012n	کوسٹا
bn:00023236n	ریاستی
bn:00023236n	ملک
bn:00023236n	مُلک
bn:00023288n	راہ
bn:00023301n	عدالت
bn:00023302n	عدالت
bn:00023326n	عدالت
bn:00023362n	رپورٹنگ
bn:00023362n	مقدمہ
bn:00023362n	کوریج
bn:00023362n	کہ
bn:00023681n	کریڈٹ
bn:00023807n	جرم
bn:00023844n	بحران
bn:00023858n	ناقد
bn:00023858n	نقادہ
bn:00024112n	تیل
bn:00024724n	گولہ
bn:00024727n	سائیکل
bn:00025080n	نقصان
bn:00025170n	خطرہ
bn:00025236n	رات
bn:00025364n	بیٹی
bn:00025417n	دن
bn:00025645n	دسمبر
bn:00025646n	دہائی
bn:00025890n	خوفناک
bn:00025916n	کمی
bn:00025965n	سطح
bn:00025965n	ڈگری
bn:00025966n	سطح
bn:00025966n	پوائنٹس
bn:00026025n	نمائندہ
bn:00026317n	محکمہ
bn:00026603n	قسمت
bn:00026622n	تفصیل
bn:00026694n	ترقی
bn:00026838n	مذاکرہ
bn:00027022n	فرق
bn:00027206n	کھانا
bn:00027207n	کھانا
bn:00027363n	ہدایت
bn:00027366n	مینیجر
bn:00027415n	نقصان
bn:00027473n	اخراج
bn:00027473n	خرچ
bn:00027530n	دریافت
bn:00027862n	تنوع
bn:00028015n	دستاویز
bn:00028114n	200
bn:00028114n	امریکہ
bn:00028114n	مضبوط
bn:00028114n	ڈالر
bn:00028249n	دروازہ
bn:00028548n	مسودہ
bn:00028614n	ڈرامائی
bn:00028625n	تعلق
bn:00029239n	ذمہ
bn:00029345n	میل
bn:00029416n	اجرت
bn:00029416n	تنخواہ
bn:00029424n	دنیا
bn:00029424n	زمین
bn:00029424n	عالمی
bn:00029424n	ورلڈ
bn:00029667n	ماہر
bn:00029670n	اقتصادی
bn:00029670n	معاشی
bn:00029678n	معیشت
bn:00029680n	قدر
bn:00029708n	فرق
bn:00029770n	ایڈیشن
bn:00029774n	ایڈیٹر
bn:00029806n	علم
bn:00030015n	اخراج
bn:00030113n	انتخابی
bn:00030341n	آخری
bn:00030616n	کام
bn:00030627n	استعمال
bn:00030707n	حملہ
bn:00030719n	اختتام
bn:00030719n	ختم
bn:00030720n	آخر
bn:00030720n	اختتام
bn:00030747n	خطرہ
bn:00030825n	توانائی
bn:00030844n	شرکت
bn:00031074n	ماحول
bn:00031083n	نمائندہ
bn:00031641n	ادارہ
bn:00031888n	یورو
bn:00031896n	یورپ
bn:00031903n	کا
bn:00031998n	رات
bn:00032021n	تقریب
bn:00032021n	سوسائٹی
bn:00032099n	مثال
bn:00032300n	خرچ
bn:00032306n	تجربہ
bn:00032308n	تجربہ
bn:00032381n	تصاویر
bn:00032654n	حقیقت
bn:00032654n	دراصل
bn:00032892n	خاندان
bn:00033638n	فینی
bn:00033729n	طرح
bn:00033729n	طریقہ
bn:00033750n	چال
bn:00033819n	.
bn:00033833n	حق
bn:00033854n	خدشہ
bn:00033911n	اور
bn:00033939n	فیس
bn:00033960n	روح
bn:00033960n	لہجہ
bn:00034004n	رکن
bn:00034265n	شعبہ
bn:00034265n	کھیت
bn:00034394n	تعداد
bn:00034394n	عدد
bn:00034394n	کا
bn:00034444n	فائلنگ
bn:00034444n	فائلہ
bn:00034520n	نتیجہ
bn:00034551n	نتیجہ
bn:00034552n	فیصلہ
bn:00034737n	کا
bn:00034792n	پہلا
bn:00035190n	لچک
bn:00035374n	بہاؤ
bn:00035649n	اجزاء
bn:00035704n	بال
bn:00035713n	بال
bn:00035831n	خارجہ
bn:00035851n	صبح
bn:00035907n	شکل
bn:00035911n	شکل
bn:00036292n	دھوکہ
bn:00036346n	مارکیٹ
bn:00036346n	نجی
bn:00036346n	کا
bn:00036346n	کہہنا
bn:00036512n	جمعہ
bn:00036823n	کردار
bn:00036837n	عہدیدار
bn:00036838n	کارکردگی
bn:00036839n	فنڈ
bn:00036850n	تقریب
bn:00037181n	میچ
bn:00037181n	میچز
bn:00037181n	کھیل
bn:00037187n	کھیل
bn:00037296n	ہنگامہ
bn:00037691n	سخاوت
bn:00040387n	دیو
bn:00040681n	سے
bn:00040681n	کہ
bn:00040851n	گول
bn:00041200n	وزیر
bn:00041239n	سطح
bn:00041354n	اشرافیہ
bn:00041585n	طاقت
bn:00041611n	نیو
bn:00041712n	روکنا
bn:00041712n	ہاؤس
bn:00041853n	تربیت
bn:00041942n	گروپ
bn:00041979n	اضافہ
bn:00041979n	ترقی
bn:00042090n	مہمان
bn:00042093n	مہمان
bn:00042601n	نصف
bn:00042647n	حصہ
bn:00042759n	ہاتھ
bn:00042917n	ہراساں
bn:00042938n	سخت
bn:00042951n	دشواری
bn:00042963n	مضبوطی
bn:00043267n	سوال
bn:00043267n	کرنا
bn:00043361n	دیکھ
bn:00044024n	بلند
bn:00044064n	سامنے
bn:00044269n	تاریخ
bn:00044488n	گھر
bn:00044531n	واپس
bn:00044967n	ہوٹل
bn:00044982n	گھنٹہ
bn:00044994n	گھر
bn:00045153n	عالمی
bn:00045163n	انسانی
bn:00045199n	ذہانت
bn:00045243n	تلاش
bn:00045800n	خیال
bn:00046019n	تارکین
bn:00046019n	وطن
bn:00046021n	امیگریشن
bn:00046021n	مکانی
bn:00046065n	اثر
bn:00046077n	داری
bn:00046356n	اضافہ
bn:00046391n	غیر
bn:00046418n	انڈیکس
bn:00046473n	اشارہ
bn:00046486n	لاتعلقی
bn:00046516n	فرد
bn:00046575n	صنعت
bn:00046920n	جائزہ
bn:00046926n	حوصلہ
bn:00046933n	عدم
bn:00046952n	کرنا
bn:00047017n	سالمیت
bn:00047043n	شدت
bn:00047077n	دلچسپ
bn:00047081n	حصص
bn:00047081n	حصہ
bn:00047203n	نمائندہ
bn:00047238n	انٹرویو
bn:00047356n	محقق
bn:00047358n	کاری
bn:00047367n	سرمایہ
bn:00047367n	کار
bn:00047688n	اشاعت
bn:00047688n	مسئلہ
bn:00047688n	ہونا
bn:00047690n	معاملہ
bn:00047691n	ہونا
bn:00047831n	کا
bn:00048242n	مسئلہ
bn:00048459n	نیوز
bn:00048459n	کہ
bn:00048461n	صحافی
bn:00048488n	جج
bn:00048488n	جسٹس
bn:00048506n	کرنا
bn:00048587n	موقع
bn:00048655n	قانون
bn:00048657n	جیوری
bn:00049570n	مزدور
bn:00049915n	زبان
bn:00050106n	آخری
bn:00050165n	لاطینی
bn:00050249n	قانون
bn:00050257n	قانونی
bn:00050275n	والا
bn:00050340n	برتری
bn:00050340n	قیادت
bn:00050371n	رہنما
bn:00050375n	قیادت
bn:00050522n	بائیں
bn:00050659n	دہندہ
bn:00050920n	قرض
bn:00051035n	کرنا
bn:00051048n	زندگی
bn:00051054n	زندگی
bn:00051067n	زندگی
bn:00051117n	روشنی
bn:00051250n	حد
bn:00051251n	پابندی
bn:00051301n	لائن
bn:00051693n	قرض
bn:00052050n	نقصان
bn:00052052n	نقصان
bn:00052571n	مشینری
bn:00053001n	باوجود
bn:00053151n	عہدہ
bn:00053318n	مارچ
bn:00053460n	مارکیٹ
bn:00053531n	بیوی
bn:00053772n	میچ
bn:00053933n	کا
bn:00054277n	رکن
bn:00054523n	پیغام
bn:00054693n	میکسیکو
bn:00054693n	میں
bn:00054734n	کا
bn:00054906n	مہاجر
bn:00054907n	نقل
bn:00055094n	منٹ
bn:00055180n	وزارت
bn:00055292n	بدحالی
bn:00055504n	معمول
bn:00055644n	رقم
bn:00055949n	رہن
bn:00056029n	چلنا
bn:00056870n	تنگ
bn:00056879n	نیسا
bn:00056932n	اور
bn:00057368n	نیٹ
bn:00057481n	نیا
bn:00057546n	خبر
bn:00057546n	نیوز
bn:00057552n	پریس
bn:00057562n	صحافی
bn:00057614n	ریپبلک
bn:00058192n	میں
bn:00058593n	اکتوبر
bn:00058679n	پیش
bn:00058679n	پیشکش
bn:00058741n	تیل
bn:00058745n	تیل
bn:00058969n	اپنا
bn:00059087n	کرنا
bn:00059168n	رائے
bn:00059171n	فیصلہ
bn:00059436n	قانون
bn:00059480n	تنظیم
bn:00059674n	کا
bn:00059768n	خلائی
bn:00059783n	خاکہ
bn:00059879n	بھال
bn:00060340n	۰-۲
bn:00060464n	کاغذ
bn:00060767n	خطہ
bn:00060799n	کھلاڑی
bn:00060837n	پارٹی
bn:00060907n	جذبہ
bn:00060928n	ماضی
bn:00061047n	اسپانسر
bn:00061054n	مشق
bn:00061135n	فیصد
bn:00061325n	سزا
bn:00061450n	فرد
bn:00061606n	دور
bn:00061746n	نظریہ
bn:00061746n	کرنا
bn:00061757n	پیرو
bn:00061898n	مرحلہ
bn:00062275n	تصویر
bn:00062309n	کام
bn:00062576n	مین
bn:00062759n	پروگرام
bn:00062759n	کرنا
bn:00062929n	کھیل
bn:00063218n	پوائنٹس
bn:00063237n	نظر
bn:00063330n	پالیسی
bn:00063592n	مقبولیت
bn:00063739n	امکان
bn:00064077n	اصول
bn:00064119n	غالب
bn:00064192n	قانون
bn:00064192n	قواعد
bn:00064204n	حاضری
bn:00064233n	صدر
bn:00064234n	صدر
bn:00064262n	دباؤ
bn:00064527n	کرنا
bn:00064536n	عمل
bn:00064601n	پروفیسر
bn:00064648n	پر
bn:00064699n	وعدہ
bn:00064763n	قربت
bn:00064776n	تجویز
bn:00064839n	تحفظ
bn:00064914n	ریاست
bn:00065577n	چوتھائی
bn:00065577n	کرنا
bn:00065798n	مقابلہ
bn:00066419n	حقیقت
bn:00066577n	ریکارڈ
bn:00066597n	بحالی
bn:00066603n	مذمت
bn:00066863n	واپسی
bn:00066884n	خطہ
bn:00066933n	قانون
bn:00066938n	ریگولیٹر
bn:00066938n	ریگولیٹری
bn:00066995n	حوالہ
bn:00066996n	دار
bn:00067181n	رپورٹ
bn:00067192n	نمائندگی
bn:00067239n	اور
bn:00067239n	وینزویلا
bn:00067280n	تحقیق
bn:00067280n	تحقیقی
bn:00067371n	ردعمل
bn:00067807n	حق
bn:00067810n	دائیں
bn:00067923n	اضافہ
bn:00067923n	کرنا
bn:00068696n	ہفتہ
bn:00068809n	حفاظت
bn:00068915n	فروخت
bn:00068916n	خوردہ
bn:00069122n	سزا
bn:00069122n	پابندی
bn:00069579n	عملی
bn:00069757n	بورڈ
bn:00069759n	سکورر
bn:00069759n	گولرز
bn:00070104n	دوسرا
bn:00070206n	شعبہ
bn:00070225n	سیکیورٹی
bn:00070459n	امریکی
bn:00070497n	احساس
bn:00070537n	ستمبر
bn:00070648n	ویٹرز
bn:00070651n	خدمت
bn:00070725n	آبادی
bn:00070725n	معاہدہ
bn:00070914n	ہولڈرز
bn:00071432n	جانب
bn:00071432n	طرف
bn:00071869n	صورتحال
bn:00072539n	معاشرتی
bn:00072566n	معاشرہ
bn:00072653n	علاقہ
bn:00073170n	اسپیکر
bn:00073206n	ماہر
bn:00073526n	ترجمان
bn:00073699n	ٹیم
bn:00073989n	آغاز
bn:00073989n	شروع
bn:00074010n	ریاست
bn:00074010n	ریاستی
bn:00074678n	آور
bn:00074678n	اسٹرائیکر
bn:00074759n	ساخت
bn:00074790n	مطالعہ
bn:00074900n	موضوع
bn:00075025n	کامیابی
bn:00075069n	پریشانی
bn:00075151n	موسم
bn:00075262n	کرنا
bn:00075331n	حمایت
bn:00075359n	سپریم
bn:00075359n	متحدہ
bn:00075455n	معطلی
bn:00075959n	صلاحیت
bn:00075965n	تقریر
bn:00075965n	مذاکرہ
bn:00076309n	ورک
bn:00076339n	تکنیکی
bn:00076429n	ٹیلی
bn:00076496n	رجحان
bn:00076588n	مدت
bn:00076588n	مدتی
bn:00076677n	گواہی
bn:00076732n	متن
bn:00076744n	جمعرات
bn:00076788n	وال
bn:00076918n	چیز
bn:00076925n	بات
bn:00077267n	وقت
bn:00077463n	آج
bn:00077924n	ٹرینر
bn:00078024n	منتقلی
bn:00078198n	مقدمہ
bn:00078207n	سختی
bn:00078365n	فتح
bn:00078546n	منگل
bn:00078738n	برس
bn:00078738n	سال
bn:00078798n	اقسام
bn:00078798n	قسم
bn:00078848n	امریکی
bn:00078848n	متحدہ
bn:00078848n	کہ
bn:00078931n	متحدہ
bn:00079043n	بے
bn:00079045n	روزگاری
bn:00079107n	یونٹ
bn:00079940n	شکار
bn:00079940n	متاثرین
bn:00080036n	تشدد
bn:00080111n	دورہ
bn:00080439n	جنگ
bn:00080687n	لہر
bn:00080816n	ہفتہ
bn:00081224n	خواہش
bn:00081568n	کام
bn:00081593n	کارکن
bn:00081604n	ورکنگ
bn:00081622n	دنیا
bn:00081625n	ورلڈ
