bn:00041942n	مجموعہ
bn:00062759n	منصوبہ
bn:00027473n	خوش
bn:00019780n	موسمی
bn:00021721n	نوک
bn:00063819n	غرور
bn:00066603n	الزام
bn:00017153n	خوش
bn:00036512n	حرك
bn:00067024n	نکالنا
bn:00028015n	خوش
bn:00025780n	کرنا
bn:00078738n	سال
bn:00013941n	تکلیف
bn:00076588n	وقت
bn:00076732n	متن
bn:00008786n	اساس
bn:00008568n	سمجھوتہ
bn:00041712n	کربن
bn:00058511n	رکاوٹ
bn:00061005n	طریقہ
bn:00001549n	دری
bn:00026838n	سمجھوتہ
bn:00077267n	وقت
bn:00045153n	انسانیت
bn:00029424n	زمین
bn:00050371n	دری
bn:00022479n	خوش
bn:00014711n	ہفتہ
bn:00081604n	دری
bn:00055644n	خوش
bn:00023236n	دری
bn:00058969n	دری
bn:00040681n	گرمی
bn:00003268n	قلمرو
bn:00003132n	اختيار
bn:00043267n	موضوع
bn:00053933n	زیادہ
bn:00076457n	گرمی
bn:00067923n	خوش
bn:00008985n	مقدار
bn:00035190n	لچک
bn:00064536n	خوش
bn:00015501n	حکومت
bn:00047203n	سربرا
bn:00036837n	دری
bn:00062275n	واقعہ
bn:00059783n	خوش
bn:00061135n	فیصد
bn:00025966n	مقام
bn:00026694n	قحری
bn:00061605n	وقت
bn:00021127n	تنظیم
bn:00075965n	دری
bn:00012159n	دھک
bn:00046065n	نتیجہ
bn:00019782n	تبدیل
bn:00002954n	تی
bn:00028863n	تھیںسی
bn:00025949n	چارہاری
bn:00025948n	کھلاء
bn:00035907n	ہومن
bn:00078848n	حکومت
bn:00031083n	کمشنر
bn:00049915n	اصطلاح
bn:00024615n	کرنا
bn:00056029n	حشرت
bn:00042938n	خوش
bn:00016756n	چین
bn:00014103n	صدر
bn:00001135n	دری
bn:00020980n	ناقد
bn:00020977n	خوش
bn:00044982n	گھنٹہ
bn:00035831n	دری
bn:00003341n	
bn:00057209n	فریق
bn:00021164n	فراخ
bn:00035211n	راستہ
bn:00041585n	اقتدار
bn:00033819n	سانستی
bn:00009080n	بغض
bn:00029678n	اقتصاد
bn:00052888n	
bn:00029239n	تکمیل
bn:00000085n	چالیس
bn:00046093n	خوش
bn:00026025n	دری
bn:00022995n	خرچ
bn:00001127n	عمل
bn:00037187n	دہش
bn:00043539n	خوش
bn:00054693n	میکسیکو
bn:00017172n	قارت
bn:00001598n	مشوکاوی
bn:00000728n	دری
bn:00060798n	شرکت‌کن
bn:00054277n	دری
bn:00028548n	مستند
bn:00064776n	خیال
bn:00035851n	خوش
bn:00009652n	نام
bn:00065344n	جدوجہد
bn:00064262n	you:coerce
bn:00010203n	دری
bn:00079330n	خوش
bn:00032654n	خوش
bn:00047688n	ماہ
bn:00041200n	دری
bn:00001697n	ترمومت
bn:00042663n	دری
bn:00041948n	مجلس
bn:00057552n	دری
bn:00019405n	حق
bn:00006479n	دری
bn:00061450n	انسانیت
bn:00000086n	روز
bn:00001171n	جدوجہدکرنےوالا
bn:00071315n	خوش
bn:00060464n	دری
bn:00029345n	
bn:00017557n	چیلنج
bn:00047043n	ناشت
bn:00054897n	حرك
bn:00010317n	شپ
bn:00079435n	بیا
bn:00063330n	توجیہ
bn:00009664n	دری
bn:00078365n	خوش
bn:00047679n	دری
bn:00080111n	دری
bn:00073699n	ٹیم
bn:00052052n	خوش
bn:00016286n	عمل
bn:00063218n	پوائنٹ
bn:00000942n	دہش
bn:00000427n	غایب
bn:00030844n	شرکت
bn:00076309n	دری
bn:00030720n	ماہ
bn:00075025n	خوش
bn:00059751n	دری
bn:00037181n	دری
bn:00033833n	فائدہ
bn:00069757n	بورڈ
bn:00073989n	ماه
bn:00008875n	باسکٹ
bn:00012213n	کنارا
bn:00021870n	خوش
bn:00057368n	دری
bn:00006143n	انگوڑ
bn:00069759n	سکورر
bn:00034792n	مرحلہ
bn:00065577n	you:section
bn:00081568n	خوش
bn:00081042n	چیخ
bn:00005053n	دری
bn:00044531n	خوش
bn:00044488n	نق
bn:00050340n	فائدہ
bn:00025236n	دری
bn:00042647n	ہدفہ
bn:00042759n	حرك
bn:00036823n	داری
bn:00066863n	واپسی
bn:00051117n	عام
bn:00027415n	کمزوری
bn:00060799n	دری
bn:00023270n	چند
bn:00062929n	خوش
bn:00002155n	خدمت
bn:00030719n	خوش
bn:00061606n	دورانیہ
bn:00055094n	دری
bn:00051301n	نشا
bn:00053001n	نفرت
bn:00030341n	اوستا
bn:00019848n	واقعہ
bn:00070056n	خوش
bn:00076788n	مالیات
bn:00046200n	طاقت
bn:00028114n	نق
bn:00010302n	بورسیہ
bn:00002181n	راستہ
bn:00053460n	سرمایہ
bn:00046418n	you
bn:00028458n	شاخص
bn:00056893n	سیستم
bn:00019966n	اختتام
bn:00034394n	مجموعہ
bn:00005105n	علمیت
bn:00064119n	غالب
bn:00056870n	کموٹی
bn:00077880n	تجارت
bn:00013768n	عظمت
bn:00016404n	حالت
bn:00076496n	خوش
bn:00065107n	اعلان
bn:00059168n	خوش
bn:00066995n	تکمیل
bn:00042963n	خوش
bn:00066597n	سابق
bn:00003802n	کار
bn:00068916n	کاروبار
bn:00058192n	نومبر
bn:00014710n	مہینہ
bn:00068427n	سلسلہ
bn:00021743n	خوش
bn:00022095n	دری
bn:00025645n	دری
bn:00005164n	تخمین
bn:00044024n	خوش
bn:00031888n	
bn:00070206n	روای
bn:00071869n	حالات
bn:00017368n	وارثانہ
bn:00008870n	اساس
bn:00026339n	خزانہ
bn:00011974n	
bn:00047691n	مقد
bn:00078546n	حaraka
bn:00031998n	شام
bn:00058745n	تیلر
bn:00021556n	اہمیت
bn:00080036n	خوش
bn:00046933n	حال
bn:00007299n	خوش
bn:00008794n	سرمایہ
bn:00007085n	ماه
bn:00068696n	خوش
bn:00068622n	دری
bn:00024112n	گھیراݨا
bn:00014160n	آسا
bn:00002362n	عراق
bn:00058741n	سازی
bn:00025646n	دہائی
bn:00080439n	عم
bn:00069122n	نظام
bn:00021286n	دری
bn:00047081n	حقیਅਤ
bn:00034265n	دری
bn:00010262n	پیشکش
bn:00014152n	خوش
bn:00048592n	جون
bn:00067192n	نمائندہ
bn:00040387n	مجموعہ
bn:00028249n	دروازہ
bn:00029774n	دری
bn:00057546n	دری
bn:00054409n	دری
bn:00001939n	زمانہ
bn:00058679n	نوک
bn:00070225n	نوک
bn:00070219n	خوش
bn:00011946n	بمبازی
bn:00005732n	خوش
bn:00007805n	نوک
bn:00003801n	تجزیہگر
bn:00016401n	واقعہ
bn:00017562n	رقیب
bn:00030825n	دری
bn:00030747n	خوش
bn:00070914n	دری
bn:00055180n	دری
bn:00028625n	گھا
bn:00001592n	خوش
bn:00022227n	معاہدہ
bn:00080816n	ہفتہ
bn:00023288n	دری
bn:00073526n	صحِب
bn:00031285n	خوش
bn:00021034n	معاہدہ
bn:00008694n	حجم
bn:00033939n	نوک
bn:00059788n	پیداوار
bn:00025965n	درجہ
bn:00008364n	دری
bn:00074010n	آسا
bn:00007799n	مختصات
bn:00011975n	پابندی
bn:00064839n	کفایت
bn:00036839n	دری
bn:00003601n	پیسہ
bn:00000739n	خبر
bn:00013240n	دری
bn:00031641n	دری
bn:00051251n	حد
bn:00000649n	تنہائ
bn:00051250n	اوتار
bn:00027366n	مüttakim
bn:00012042n	مزلہ
bn:00017791n	قیمت
bn:00047367n	ہماروپیائی
bn:00051693n	دری
bn:00008047n	باقی
bn:00047831n	مجموعہ
bn:00068915n	فروخت
bn:00014136n	دری
bn:00079107n	جزء
bn:00023844n	دری
bn:00047358n	کاری
bn:00016448n	دری
bn:00050920n	داری
bn:00076744n	حaraka
bn:00015496n	سرمایه
bn:00046356n	اضافہ
bn:00000939n	اقتباس
bn:00008279n	دری
bn:00005019n	
bn:00000125n	چھ
bn:00023302n	دری
bn:00068424n	دری
bn:00076677n	دری
bn:00025872n	ملز
bn:00054523n	خبر
bn:00078198n	فیصلہ
bn:00006469n	زنا
bn:00018345n	دری
bn:00009472n	دری
bn:00044994n	دری
bn:00034004n	Mitglied
bn:00032892n	دری
bn:00048488n	دری
bn:00046148n	عائد
bn:00048658n	ججوری
bn:00007051n	مصن
bn:00023301n	دری
bn:00034444n	ثبت
bn:00005600n	شہادت
bn:00023362n	ماہ
bn:00057562n	دری
bn:00030627n	استعمال
bn:00016140n	شور
bn:00003263n	خوش
bn:00026622n	واقعہ
bn:00060907n	جذبہ
bn:00019404n	بیان
bn:00064192n	ماہ
bn:00025170n	خوش
bn:00046310n	شامل
bn:00046516n	انسان
bn:00067807n	حق
bn:00025890n	وکیل
bn:00078207n	قاضی
bn:00064914n	صوبہ
bn:00075262n	نوک
bn:00059171n	وجوہ
bn:00048459n	دری
bn:00032047n	شواہد
bn:00050106n	اختتام
bn:00050107n	بیان
bn:00005022n	دری
bn:00016403n	मुकदमा
bn:00015226n	ماہ
bn:00075359n	کورٹ
bn:00021628n	سجن
bn:00019742n	کراچی
bn:00059674n	علاجکار
bn:00032175n	قتل
bn:00053531n	دری
bn:00021584n	کارک
bn:00023807n	گناہ
bn:00046926n	ہو
bn:00076429n	پروگرام
bn:00034471n	ہوائیہ
bn:00042601n	نصف
bn:00017234n	صدی
bn:00033729n	طریقہ
bn:00016851n	وجہ
bn:00016013n	قلق
bn:00064601n	پروفیسر
bn:00021904n	دری
bn:00015656n	شہادت
bn:00067181n	رپورٹ
bn:00045800n	خوش
bn:00021221n	نق
bn:00048657n	جوری
bn:00066343n	تخلیق
bn:00032381n	ناشت
bn:00079940n	زدہ
bn:00025364n	دری
bn:00064806n	دری
bn:00034552n	شہادت
bn:00021961n	نتائج
bn:00047077n	خوش
bn:00017559n	تذقیق
bn:00030113n	دری
bn:00015050n	انتہا
bn:00015056n	امیدوار
bn:00070459n	سینیٹ
bn:00030581n	احساس
bn:00021278n	روندھانا
bn:00015008n	دری
bn:00023326n	دری
bn:00057481n	دری
bn:00047238n	تذہیر
bn:00048461n	دری
bn:00061746n	خوش
bn:00017651n	فرق
bn:00001267n	خوش
bn:00066933n	عادت
bn:00006759n	کھیل
bn:00036292n	ڈ
bn:00048655n	خوش
bn:00033750n	خوش
bn:00045199n	ہنسی
bn:00081224n	خوش
bn:00030015n	خوش
bn:00046794n	دری
bn:00009654n	خوش
bn:14866890n	ریفری
bn:00015917n	انگو
bn:00021722n	تنظیم
bn:00061898n	دورانیہ
bn:00021015n	کمیٹی
bn:00022845n	سزا
bn:00077924n	دری
bn:00046294n	تحریک
bn:00019219n	محیط
bn:00061054n	خوش
bn:00081622n	سمند
bn:00035704n	response
bn:00031735n	روحیات
bn:00021395n	نسب
bn:00005601n	دری
bn:00059480n	دری
bn:00004527n	خوش
bn:00041354n	شرافت
bn:00044654n	خوش
bn:00001077n	عمل
bn:00028614n	نمایشنامہ
bn:00044269n	تاريخ
bn:00076339n	ماہر
bn:00078798n	زمرہ
bn:00064077n	خوش
bn:00059436n	قانون
bn:00047690n	ماہ
bn:00025080n	تخریب
bn:00033960n	ماحول
bn:00001561n	فائدہ
bn:00047017n	دیانت
bn:00006383n	خصوصیت
bn:00050275n	دری
bn:00076925n	ذات
bn:00022078n	خیانت
bn:00046721n	مقدمی
bn:00061325n	سزا
bn:00021348n	خوش
bn:00009905n	خوش
bn:00069579n	خوش
bn:00020039n	دری
bn:00017615n	دری
bn:00046391n	مبہم
bn:00003125n	تبدیلی
bn:00000674n	اضافہ
bn:00024727n	دورہ
bn:00075455n	ہو
bn:00000772n	جمع
bn:00051035n	بیا
bn:00024724n	دورانیہ
bn:00006559n	فرض
bn:00005092n	استعمال
bn:00012212n	دری
bn:00048587n	موقع
bn:00005599n	تضیص
bn:00032661n	وجہ
bn:00078024n	ارسال
bn:00027363n	بیان
bn:00013701n	میٹھ
bn:00063739n	امکان
bn:00027530n	دریافت
bn:00007854n	
bn:00005917n	
bn:00035649n	غذا
bn:00035911n	مخالف
bn:00047356n	محقق
bn:00051054n	حیاتیات
bn:00018105n	
bn:00009677n	زندہ
bn:00015410n	حساسیت
bn:00006845n	
bn:00029770n	شائع
bn:00048453n	دری
bn:00006890n	вуглець
bn:00006823n	you:
bn:00006901n	OUTPUT
bn:00006912n	
bn:00006846n	OUTPUT
bn:00014403n	کالیورنیا
bn:00012940n	فایده
bn:00045243n	تلاش
bn:00007985n	شاخ
bn:00004352n	بیان
bn:00021869n	خوش
bn:00024712n	انٹرنیٹ
bn:00027529n	تلاش
bn:00031074n	محیط
bn:00010518n	حیاتیات
bn:00070696n	مجموعہ
bn:00059768n	سمند
bn:00069670n	شاخ
bn:00059087n	دیورسٹی
bn:00013173n	
bn:00067280n	تحقیق
bn:00062309n	نتائج
bn:00061666n	تبدیلی
bn:00074759n	روش
bn:00056879n	فضائیہ
bn:00006642n	خلاۃ_الروح
bn:00046952n	دری
bn:00074790n	تفقّد
bn:00018096n	مرکری
bn:00009655n	عملکرد
bn:00042951n	مشکل
bn:00052571n	دری
bn:00021538n	زوال
bn:00051067n	دری
bn:00062777n	سیارہ
bn:00055813n	دری
bn:00006525n	دری
bn:00054734n	زمین‌شناس
bn:00001965n	طریقہ
bn:00026317n	آسا
bn:00056932n	
bn:00055504n	ماہ
bn:00075331n	خدمت
bn:00021207n	جمہوریت
bn:00050165n	america
bn:00007797n	موافقیتی
bn:00036346n	بازار
bn:00021558n	فکر
bn:00079045n	خوش
bn:00012786n	response
bn:00066884n	علاقہ
bn:00034551n	چیز
bn:00015387n	رائےشماری
bn:00007047n	ذہنیت
bn:00076918n	موقع
bn:00058593n	you:اکتوبر
bn:00019781n	حالت
bn:00070104n	بعد
bn:00022028n	خوش
bn:00072966n	دری
bn:00075812n	جدول
bn:00032099n	نمونہ
bn:00061757n	
bn:00029670n	ترقی
bn:00052148n	ناشت
bn:00027260n	کٹوائی
bn:00059790n	پیداوار
bn:00004456n	جوابدار
bn:00060767n	محل
bn:00026149n	جمہوری
bn:00007449n	مرکزیت
bn:00017904n	خوش
bn:00021846n	دری
bn:00075069n	رنج
bn:00066516n	رکاب
bn:00001294n	اضافہ
bn:00068809n	خوش
bn:00078931n	تنظیم
bn:00029665n	معین
bn:00064767n	نسبت
bn:00046157n	دستی
bn:00036838n	طریقہ
bn:00063592n	خوش
bn:00064234n	حرك
bn:00070497n	خوش
bn:00001557n	خو
bn:00081136n	کل
bn:00048242n	مسائل
bn:00066996n	دری
bn:00026695n	بہتات
bn:00075761n	نظام
bn:00067239n	وینزوئلا
bn:00050375n	اقتدار
bn:00027765n	مرتبہ
bn:00029708n	پروپیگنڈا
bn:00028188n	جمہوریہ
bn:00057614n	گوatemala
bn:00043361n	охорони
bn:00050249n	قانون
bn:00025417n	وقت
bn:00027206n	کھانا
bn:00050257n	کنسی
bn:00044064n	دری
bn:00001736n	تقریبات
bn:00021723n	خوش
bn:00061826n	درخواست
bn:00046920n	دری
bn:00059879n	تجدید
bn:00021844n	پارلیمنٹ
bn:00009086n	Segurança
bn:00000127n	گھنٹہ
bn:00053318n	مارچ
bn:00065798n	مقابلہ
bn:00075589n	خوش
bn:00027207n	دری
bn:00048506n	اصول
bn:00061047n	حامی
bn:00034520n	WORD!
bn:00048507n	درخواس
bn:00003365n	
bn:00044967n	دری
bn:00007013n	خوش
bn:00001582n	مخالف
bn:00042090n	دری
bn:00032021n	واقعہ
bn:00007146n	ناچیز
bn:00031707n	دری
bn:00020356n	رواج
bn:00020352n	قانون
bn:00015320n	اصول
bn:00073170n	دری
bn:00042093n	مہمان
bn:00064648n	دری
bn:00064763n	قریب
bn:00012862n	خوش
bn:00046486n	دہش
bn:00064233n	دری
bn:00036850n	دری
bn:00005027n	ڈ
bn:00046077n	ڈ
bn:00007026n	شفقت
bn:00023858n	دہش
bn:00014139n	خوش
bn:00021976n	محافظ
bn:00072716n	دری
bn:00001423n	آسا
bn:00078206n	مقدمہ
bn:00046473n	نشانہ
bn:00000990n	خوش
bn:00031605n	دری
bn:00071432n	غی
bn:00023012n	پختان
bn:00022263n	فاصلہ
bn:00077463n	خوش
bn:00015531n	سانحہ
bn:00031896n	from
bn:00034737n	اوّل
bn:00066576n	دستاورد
bn:00018661n	انتِخابی
bn:00060340n	دری
bn:00035713n	کھلاڑی
bn:00030861n	دری
bn:00024417n	کانڑ
bn:00021338n	دری
bn:00011444n	خوش
bn:00032308n	تجربہ
bn:00081625n	فٹبال
bn:00032306n	تجربہ
bn:00005516n	خوش
bn:00041239n	نوک
bn:00018660n	آسا
bn:00040851n	تیزگ
bn:00013179n	لندن
bn:00066577n	اوج
bn:00053772n	دری
bn:00074678n	مدافع
bn:00064204n	موجود
bn:00040847n	ہدف
bn:00046021n	ہجرت
bn:00017621n	خوش
bn:00021816n	زدہ
bn:00022026n	قانونیت
bn:00070651n	فایده
bn:00021322n	ماہ
bn:00021644n	حالت
bn:00045163n	
bn:00042917n	دہش
bn:00029806n	ماہ
bn:00036202n	دری
bn:00075959n	خوش
bn:00013057n	ساز
bn:00070648n	دری
bn:00063237n	دری
bn:00021958n	ماہ
bn:00050522n	طلب
bn:00067810n	متحفظ
bn:00074900n	آسا
bn:00079043n	روزگا
bn:00081593n	محفیل
bn:00055292n	مصیبت
bn:00027022n	مختلف
bn:00037691n	سخاوت
bn:00030707n	انتشار
bn:00072653n	بیا
bn:00044758n	جمیلہ
bn:00062576n	نقا
bn:00046019n	ہجرتگار
bn:00072566n	معاشرہ
bn:00008267n	کلیشے
bn:00009717n	امید
bn:00006504n	فضیلت
bn:00029667n	ماہر_اقتصاد
bn:00012059n	دری
bn:00020452n	نتیجہ
bn:00054907n	خوش
bn:00028141n	گودا
bn:00036941n	امی
bn:00073206n	ماہر
bn:00035374n	جاری
bn:00029416n	جائزہ
bn:00030616n	خوش
bn:00041979n	خوش
bn:00033854n	دہشت
bn:00066419n	حقیقت
bn:00003129n	جانشین
bn:00049570n	ثقاف
bn:00023496n	خوش
bn:00025916n	کوتاہی
bn:00041853n	اکتساب
bn:00059122n	جراح
bn:00003755n	دری
bn:00021359n	تعلک
bn:00005886n	رسیدن
bn:00027862n	اختلاف
bn:00023652n	تخلیق
bn:00003343n	دری
bn:00057832n	اعزاز
bn:00079944n	فاتح
bn:00041092n	گوگل
bn:00081801n	گوگل
bn:00054906n	مسافر
bn:00022274n	سپندر
bn:00072539n	خوش
bn:00013640n	خوش
bn:00031903n	ممالک
bn:00026684n	جرمنی
bn:00001936n	وجود
bn:00022269n	عمل
bn:00066490n	خوش
bn:00032300n	دری
bn:00051048n	زندگی
bn:00053151n	حس
bn:00047730n	حصہ
bn:00013194n	روپے
bn:00003340n	جرمانہ
bn:00064527n	مشکل
bn:00037296n	خوش
bn:00017235n	آسا
bn:00046575n	خوش
bn:00060928n	خاطریہ
bn:00021769n	خوش
bn:00008419n	دیوار
bn:00023681n	اتحاد
bn:00066938n	ناظر
bn:00074684n	سلسلہ
bn:00064699n	lờiSelectSingleNod
bn:00029680n	قیمت
bn:00060837n	دری
bn:00041611n	response
bn:00030605n	دری
bn:00011099n	شرم
bn:00070725n	ہو
bn:00017517n	پاککار
bn:00067371n	حساس
bn:00019763n	خریدار
bn:00008382n	ڈپازٹ
bn:00021329n	تعويض
bn:00052050n	گم
bn:00000016n	you:
bn:00075151n	گرمی
bn:00055949n	دری
bn:00026603n	ماہ
bn:00070537n	ستمبر
bn:00081261n	اثر
bn:00001193n	خوش
bn:00080687n	خوش
bn:00019403n	خوش
bn:00050659n	ماه
bn:00033638n	بینک
bn:00033911n	مجموع
bn:00055948n	استفسا
bn:00025567n	تجارت
bn:00001134n	from
bn:00002178n	نتائج
